{"assets/images/Page.png":["assets/images/Page.png"],"assets/images/armor/background.png":["assets/images/armor/background.png"],"assets/images/armor/boots1.png":["assets/images/armor/boots1.png"],"assets/images/armor/boots2.png":["assets/images/armor/boots2.png"],"assets/images/armor/boots3.png":["assets/images/armor/boots3.png"],"assets/images/armor/chest1.png":["assets/images/armor/chest1.png"],"assets/images/armor/chest10.png":["assets/images/armor/chest10.png"],"assets/images/armor/chest11.png":["assets/images/armor/chest11.png"],"assets/images/armor/chest12.png":["assets/images/armor/chest12.png"],"assets/images/armor/chest13.png":["assets/images/armor/chest13.png"],"assets/images/armor/chest14.png":["assets/images/armor/chest14.png"],"assets/images/armor/chest15.png":["assets/images/armor/chest15.png"],"assets/images/armor/chest2.png":["assets/images/armor/chest2.png"],"assets/images/armor/chest3.png":["assets/images/armor/chest3.png"],"assets/images/background.png":["assets/images/background.png"],"assets/images/bottom.png":["assets/images/bottom.png"],"assets/images/box.png":["assets/images/box.png"],"assets/images/button.png":["assets/images/button.png"],"assets/images/cardboard.png":["assets/images/cardboard.png"],"assets/images/check.png":["assets/images/check.png"],"assets/images/close.png":["assets/images/close.png"],"assets/images/coin.png":["assets/images/coin.png"],"assets/images/donate.png":["assets/images/donate.png"],"assets/images/empty.png":["assets/images/empty.png"],"assets/images/glass.png":["assets/images/glass.png"],"assets/images/off.png":["assets/images/off.png"],"assets/images/on.png":["assets/images/on.png"],"assets/images/open.png":["assets/images/open.png"],"assets/images/plastic.png":["assets/images/plastic.png"],"assets/images/present.png":["assets/images/present.png"],"assets/images/recycle.png":["assets/images/recycle.png"],"assets/images/shirt.png":["assets/images/shirt.png"],"assets/images/sus.png":["assets/images/sus.png"],"assets/images/tier/a.png":["assets/images/tier/a.png"],"assets/images/tier/b.png":["assets/images/tier/b.png"],"assets/images/tier/c.png":["assets/images/tier/c.png"],"assets/images/tier/d.png":["assets/images/tier/d.png"],"assets/images/tier/f.png":["assets/images/tier/f.png"],"assets/images/tier/s.png":["assets/images/tier/s.png"],"assets/images/top.png":["assets/images/top.png"],"assets/images/trash.png":["assets/images/trash.png"],"assets/images/trashbag.png":["assets/images/trashbag.png"],"packages/cupertino_icons/assets/CupertinoIcons.ttf":["packages/cupertino_icons/assets/CupertinoIcons.ttf"],"packages/window_manager/images/ic_chrome_close.png":["packages/window_manager/images/ic_chrome_close.png"],"packages/window_manager/images/ic_chrome_maximize.png":["packages/window_manager/images/ic_chrome_maximize.png"],"packages/window_manager/images/ic_chrome_minimize.png":["packages/window_manager/images/ic_chrome_minimize.png"],"packages/window_manager/images/ic_chrome_unmaximize.png":["packages/window_manager/images/ic_chrome_unmaximize.png"]}